STRONGEST SNP-RISK ALLELE,RISK ALLELE FREQUENCY,P-VALUE,BETA,SNP_ID
rs2476601-A,0.0965,3.00E-27,0.254642218,rs2476601
rs7731626-A,0.3669,8.00E-17,-0.139262067,rs7731626
rs72836346-C,0.0752,2.00E-10,0.131028262,rs72836346
rs12720356-C,0.0931,2.00E-09,-0.139262067,rs12720356
rs2476601-A,0.0965,1.00E-160,0.463734016,rs2476601
rs9427397-T,0.1144,2.00E-08,0.104360015,rs9427397
rs6679677-A,0.12,4.00E-161,0.463734016,rs6679677
rs5987194-C,0.12,8.00E-10,0.104360015,rs5987194
rs7117261-T,0.1934,2.00E-12,-0.105360516,rs7117261
rs62422878-T,0.2,4.00E-08,0.076961041,rs62422878
rs11889341-T,0.22,5.00E-14,0.104360015,rs11889341
rs4853458-A,0.2237,5.00E-14,0.104360015,rs4853458
rs35926684-G,0.2269,4.00E-16,0.113328685,rs35926684
rs9939427-A,0.2308,5.00E-11,0.09531018,rs9939427
rs1883832-T,0.25,1.00E-08,-0.083381609,rs1883832
rs2409780-C,0.254,1.00E-09,0.086177696,rs2409780
rs7170107-T,0.26,5.00E-11,0.086177696,rs7170107
rs7278257-C,0.26,2.00E-09,-0.094310679,rs7278257
rs11558819-T,0.2675,2.00E-09,-0.094310679,rs11558819
rs10517086-A,0.2973,6.00E-16,0.104360015,rs10517086
rs897628-T,0.3362,3.00E-16,-0.105360516,rs897628
rs8002731-C,0.3462,4.00E-10,-0.083381609,rs8002731
rs35942002-A,0.3495,6.00E-13,0.086177696,rs35942002
rs2258734-A,0.35,3.00E-08,-0.116533816,rs2258734
rs140675301-A,0.002,2.00E-09,0.819779831,rs140675301
rs35018800-A,0.0077,1.00E-11,-0.46203546,rs35018800
rs76428106-C,0.0127,7.00E-11,0.300104592,rs76428106
rs7749323-A,0.03,9.00E-12,0.2390169,rs7749323
rs34536443-C,0.0439,3.00E-27,-0.371063681,rs34536443
rs3184504-T,0.4635,8.00E-16,0.09531018,rs3184504
rs11571297-C,0.4886,3.00E-20,-0.116533816,rs11571297
rs2004640-G,0.512,1.00E-11,-0.083381609,rs2004640
rs73013527-C,0.5215,3.00E-10,0.076961041,rs73013527
rs11636401-G,0.5266,2.00E-16,-0.094310679,rs11636401
rs3757387-T,0.55,2.00E-12,-0.083381609,rs3757387
rs67574266-A,0.3572,6.00E-10,0.076961041,rs67574266
rs7731626-A,0.3669,1.00E-26,-0.139262067,rs7731626
rs62045818-C,0.3921,9.00E-10,-0.072570693,rs62045818
rs706778-T,0.4082,1.00E-11,0.086177696,rs706778
rs3093017-C,0.4337,2.00E-18,0.104360015,rs3093017
rs1471293-A,0.4509,7.00E-10,0.076961041,rs1471293
rs8129030-T,0.3602,1.00E-11,-0.083381609,rs8129030
rs2451258-C,0.3629,2.00E-12,-0.094310679,rs2451258
rs1538981-C,0.4896,8.00E-14,-0.094310679,rs1538981
rs12188300-T,0.08,7.00E-17,0.530628251,rs12188300
rs13191343-T,0.13,2.00E-72,0.862889955,rs13191343
rs33980500-T,0.07,1.00E-20,0.667829373,rs33980500
rs12044149-T,NR,3.00E-12,0.259282598,rs12044149
rs76956521-C,NR,3.00E-23,0.583890195,rs76956521
rs4921482-T,NR,1.00E-24,0.381855242,rs4921482
rs12191877-T,NR,2.00E-99,0.88211328,rs12191877
rs33980500-T,NR,1.00E-17,0.469378434,rs33980500
rs1395621-C,0.48,6.00E-11,0.157003749,rs1395621
rs12044149-T,0.26,4.00E-20,0.2390169,rs12044149
rs2111485-G,0.61,1.00E-20,0.223143551,rs2111485
rs17622208-A,0.48,6.00E-14,0.173953307,rs17622208
rs848-C,0.82,9.00E-16,0.246860078,rs848
rs76956521-C,0.05,3.00E-16,0.39877612,rs76956521
rs62377586-G,0.67,8.00E-35,0.3074847,rs62377586
rs33980500-T,0.07,1.00E-36,0.506817602,rs33980500
rs610604-G,0.32,8.00E-09,0.139761942,rs610604
rs2020854-T,0.93,1.00E-13,0.357674444,rs2020854
rs3794767-C,0.64,5.00E-13,0.173953307,rs3794767
rs34536443-G,0.95,1.00E-14,0.536493371,rs34536443
rs5754467-G,0.19,2.00E-09,0.173953307,rs5754467
rs148783236-A,NR,1.00E-13,0.544727215,rs148783236
rs13001372-A,NR,7.00E-09,0.3074847,rs13001372
rs27529-A,NR,1.00E-09,0.329303747,rs27529
rs61752717-C,NR,2.00E-12,1.560247668,rs61752717
rs10865331-A,0.4,2.00E-19,0.2390169,rs10865331
rs27434-A,0.23,5.00E-12,0.173953307,rs27434
rs6905036-G,NR,1.00E-15,0.915890652,rs6905036
rs2844510-A,NR,1.00E-12,0.745265135,rs2844510
rs11085727-C,0.7098,3.00E-11,-1.64506509,rs11085727
rs200868187-G,0.9669,3.00E-35,-0.29961971,rs200868187
rs28998802-G,0.8594,9.00E-17,-1.210661792,rs28998802
rs33980500-C,0.9248,1.00E-19,-0.938536341,rs33980500
rs918520-G,0.2145,4.00E-31,-0.976571663,rs918520
rs538519116-C,0.9996,5.00E-13,1.464874461,rs538519116
rs33980500-C,0.9066,8.00E-21,-1.037893554,rs33980500
rs574176611-T,0.9996,4.00E-12,1.261581117,rs574176611
rs77569865-G,0.9997,3.00E-11,0.999896316,rs77569865
rs181120299-G,0.9996,1.00E-11,1.036027413,rs181120299
rs577898960-T,0.9996,9.00E-12,0.924655648,rs577898960
rs550235695-C,0.9998,3.00E-11,1.33025297,rs550235695
rs28998802-G,0.8802,6.00E-17,-1.251763468,rs28998802
rs372925782-G,0.9997,3.00E-13,1.401429249,rs372925782
rs551907784-C,0.9993,3.00E-11,0.749527514,rs551907784
rs73971815-T,0.892,3.00E-11,-0.828508818,rs73971815
rs146571698-C,0.9513,5.00E-17,-0.925836145,rs146571698
rs918520-G,0.2058,7.00E-34,-0.997229674,rs918520
rs567050291-C,0.9989,2.00E-11,1.198155919,rs567050291
rs200868187-G,0.9736,5.00E-40,-0.309382499,rs200868187
rs1811198-G,0.8593,4.00E-103,-0.438660013,rs1811198
rs4552569-C,0.28,9.00E-10,0.19062036,rs4552569
rs17095830-G,0.1,2.00E-08,0.254642218,rs17095830
rs4349859-A,NR,8.00E-09,0.787547856,rs4349859
rs805297-A,0.36,3.00E-10,0.444685821,rs805297
rs9405192-A,NR,9.00E-11,-0.094310679,rs9405192
rs2301888-A,NR,4.00E-26,-0.127833372,rs2301888
rs28411352-T,NR,2.00E-11,0.09531018,rs28411352
rs6679677-A,NR,1.00E-145,0.593326845,rs6679677
rs12126142-A,NR,1.00E-10,-0.072570693,rs12126142
rs3761959-T,NR,1.00E-10,0.076961041,rs3761959
rs12026490-T,NR,1.00E-12,-0.223143551,rs12026490
rs12530098-T,NR,1.00E-11,0.139761942,rs12530098
rs2233424-T,NR,7.00E-26,0.198850859,rs2233424
rs1234313-A,NR,2.00E-09,-0.083381609,rs1234313
rs10911902-T,NR,2.00E-08,-0.083381609,rs10911902
rs1355208-A,NR,7.00E-12,-0.083381609,rs1355208
rs56095903-T,NR,9.00E-13,0.113328685,rs56095903
rs3757387-T,NR,2.00E-19,-0.127833372,rs3757387
rs9693589-A,NR,2.00E-18,0.113328685,rs9693589
rs11574914-A,NR,1.00E-14,0.113328685,rs11574914
rs10435844-T,NR,1.00E-10,-0.083381609,rs10435844
rs3134883-A,NR,2.00E-15,0.09531018,rs3134883
rs11889341-T,NR,4.00E-30,0.148420005,rs11889341
rs1538981-T,NR,4.00E-09,0.067658648,rs1538981
rs7097397-A,NR,1.00E-12,-0.083381609,rs7097397
rs71508903-T,NR,3.00E-25,0.148420005,rs71508903
rs9943599-T,NR,3.00E-10,0.086177696,rs9943599
rs660442-A,NR,1.00E-09,-0.105360516,rs660442
rs79145843-T,NR,1.00E-10,-0.127833372,rs79145843
rs4409785-T,NR,8.00E-09,-0.094310679,rs4409785
rs28361986-A,NR,5.00E-14,-0.139262067,rs28361986
rs12795702-A,NR,4.00E-09,0.086177696,rs12795702
rs73013527-T,NR,4.00E-10,-0.083381609,rs73013527
rs4963581-A,NR,4.00E-08,0.086177696,rs4963581
rs4622308-T,NR,2.00E-12,0.086177696,rs4622308
rs77465633-A,NR,4.00E-09,0.277631737,rs77465633
rs9532434-T,NR,2.00E-19,-0.116533816,rs9532434
rs1950897-T,NR,1.00E-13,0.104360015,rs1950897
rs3825568-T,NR,6.00E-12,0.076961041,rs3825568
rs2841275-A,NR,2.00E-19,-0.162518929,rs2841275
rs8032939-T,NR,5.00E-24,-0.127833372,rs8032939
rs7170107-T,NR,6.00E-18,0.139761942,rs7170107
rs199894206-CT,NR,2.00E-10,0.113328685,rs199894206
rs7206670-T,NR,4.00E-09,0.067658648,rs7206670
rs149041927-A,NR,2.00E-08,-0.094310679,rs149041927
rs12918327-T,NR,3.00E-08,0.086177696,rs12918327
rs9927316-C,NR,2.00E-11,-0.094310679,rs9927316
rs59716545-T,NR,3.00E-10,-0.072570693,rs59716545
rs2847297-A,NR,3.00E-14,-0.094310679,rs2847297
rs34536443-C,NR,1.00E-15,-0.385662481,rs34536443
rs147622113-T,NR,1.00E-09,-0.385662481,rs147622113
rs1883832-T,NR,1.00E-16,-0.105360516,rs1883832
rs6011186-T,NR,3.00E-10,-0.105360516,rs6011186
rs8126756-T,NR,2.00E-09,0.086177696,rs8126756
rs8133843-A,NR,9.00E-11,0.076961041,rs8133843
rs2258734-A,NR,6.00E-14,-0.094310679,rs2258734
rs62422878-T,NR,4.00E-09,0.104360015,rs62422878
rs7749323-A,NR,4.00E-29,0.285178942,rs7749323
rs212389-A,NR,7.00E-13,0.104360015,rs212389
rs1571878-T,NR,4.00E-40,-0.15082289,rs1571878
rs740122-A,NR,5.00E-09,-0.083381609,rs740122
rs113066392-A,NR,1.00E-20,0.357674444,rs113066392
rs42034-A,NR,1.00E-08,-0.083381609,rs42034
rs1858037-A,NR,1.00E-14,-0.105360516,rs1858037
rs6705628-T,NR,7.00E-09,-0.127833372,rs6705628
rs11123811-T,NR,2.00E-18,0.09531018,rs11123811
rs502919-T,NR,6.00E-10,-0.083381609,rs502919
rs2275806-A,NR,3.00E-09,-0.072570693,rs2275806
rs3087243-A,NR,3.00E-24,-0.127833372,rs3087243
rs4602367-A,NR,2.00E-10,-0.072570693,rs4602367
rs3806624-A,NR,4.00E-11,-0.083381609,rs3806624
rs13103285-T,NR,4.00E-14,0.09531018,rs13103285
rs34046593-A,NR,7.00E-17,0.139761942,rs34046593
rs117605225-T,NR,2.00E-09,0.431782416,rs117605225
rs7731626-A,NR,2.00E-26,-0.198450939,rs7731626
rs403214-A,NR,4.00E-10,0.09531018,rs403214
rs244685-T,NR,6.00E-10,0.086177696,rs244685
rs1893592-A,NR,2.00E-13,0.09531018,rs1893592
rs7278257-C,NR,4.00E-10,-0.094310679,rs7278257
rs5754104-A,NR,1.00E-10,0.086177696,rs5754104
rs2069235-A,NR,2.00E-20,0.131028262,rs2069235
rs35156883-A,NR,2.00E-08,0.09531018,rs35156883
rs6619397-A,NR,6.00E-12,0.104360015,rs6619397
rs5987194-C,NR,4.00E-22,0.139761942,rs5987194
rs2235909-T,NR,2.00E-09,-2.513306124,rs2235909
rs2558210-A,NR,8.00E-12,-2.501036032,rs2558210
rs11594656-A,NR,4.00E-09,-2.302585093,rs11594656
rs35576264-T,NR,9.00E-09,-2.273026291,rs35576264
rs10152590-A,NR,4.00E-09,-1.973281346,rs10152590
rs9373203-T,NR,2.00E-09,-2.617295838,rs9373203
rs9268839-G,NR,5.00E-66,0.300104592,rs9268839
rs2476601-A,NR,1.00E-16,0.223143551,rs2476601
rs7731626-A,NR,1.00E-08,-0.105360516,rs7731626
rs2476601-A,0.1,2.00E-149,-0.517783104,rs2476601
rs2451258-T,0.64,6.00E-10,-2.292238801,rs2451258
rs3087243-A,0.45,9.00E-20,-1.962476618,rs3087243
rs59716545-T,0.54,2.00E-09,-2.38097916,rs59716545
rs7752903-T,0.97,1.00E-17,-1.083822203,rs7752903
rs3824660-T,0.61,4.00E-09,-2.326365622,rs3824660
rs11933540-T,0.69,1.00E-16,-1.95998879,rs11933540
rs2301888-A,0.35,6.00E-09,-2.303185273,rs2301888
rs8133843-A,0.62,6.00E-09,-2.354615501,rs8133843
rs1571878-T,0.56,5.00E-15,-2.105210734,rs1571878
rs4239702-T,0.28,4.00E-14,-2.013129594,rs4239702
rs2105325-A,0.26,1.00E-08,-2.278868566,rs2105325
rs11574914-A,0.33,1.00E-13,-2.133095515,rs11574914
rs71508903-T,0.21,4.00E-13,-1.940166674,rs71508903
rs8032939-T,0.75,2.00E-12,-2.109406026,rs8032939
rs9653442-T,0.54,4.00E-12,-2.24036175,rs9653442
rs3778753-A,0.54,4.00E-12,-2.195705731,rs3778753
rs11889341-T,0.23,6.00E-12,-2.088926381,rs11889341
rs706778-T,0.4,7.00E-12,-2.239892024,rs706778
rs1980422-T,0.77,6.00E-11,-2.154854981,rs1980422
rs2561477-A,0.32,5.00E-10,-2.264807729,rs2561477
rs9268839-A,0.55,1.00E-250,-0.100793184,rs9268839
rs9268839-A,0.56,4.00E-134,-0.434929965,rs9268839
rs1571878-T,0.52,1.00E-20,-1.390262223,rs1571878
rs2301888-A,0.59,9.00E-13,-1.698651713,rs2301888
rs2233424-T,0.21,9.00E-13,-1.546885738,rs2233424
rs7752903-T,0.93,1.00E-10,-1.210393372,rs7752903
rs8083786-A,0.66,2.00E-10,-1.799086245,rs8083786
rs71508903-T,0.24,4.00E-09,-1.720537085,rs71508903
rs11889341-T,0.3,6.00E-09,-1.836652238,rs11889341
rs1858037-A,0.35,6.00E-10,-2.298692678,rs1858037
rs7731626-A,0.37,8.00E-23,-1.644495304,rs7731626
rs147622113-T,0.03,9.00E-10,-0.945359154,rs147622113
rs17264332-A,0.79,7.00E-19,-1.828900746,rs17264332
rs947474-A,0.81,3.00E-09,-2.130145536,rs947474
rs8026898-A,0.27,2.00E-17,-1.936831485,rs8026898
rs28411352-T,0.25,5.00E-09,-2.218611659,rs28411352
rs34536443-G,0.95,5.00E-16,-0.967347212,rs34536443
rs10790268-A,0.21,3.00E-15,-1.836966062,rs10790268
rs13330176-A,0.23,9.00E-09,-2.143873402,rs13330176
rs1893592-A,0.72,1.00E-08,-2.291645153,rs1893592
rs34695944-T,0.63,5.00E-14,-2.137664051,rs34695944
rs10985070-A,0.57,2.00E-08,-2.446917464,rs10985070
rs2233424-T,0.04,3.00E-08,-1.255617037,rs2233424
rs2234067-A,0.13,4.00E-08,-2.034238757,rs2234067
rs9603616-T,0.34,8.00E-11,-2.229706448,rs9603616
rs187786174-A,0.3,2.00E-10,-2.16787939,rs187786174
rs4452313-A,0.71,3.00E-10,-2.207729562,rs4452313
rs909685-A,0.3,3.00E-10,-2.251606848,rs909685
rs4409785-T,NR,3.00E-08,-2.087385008,rs4409785
rs1571878-T,NR,1.00E-31,-1.927352414,rs1571878
rs7752903-T,NR,4.00E-26,-1.135162172,rs7752903
rs3087243-A,NR,1.00E-23,-1.979588967,rs3087243
rs7731626-A,NR,2.00E-22,-1.670840024,rs7731626
rs71508903-T,NR,3.00E-20,-1.869686417,rs71508903
rs11889341-T,NR,5.00E-20,-1.918098503,rs11889341
rs2233424-T,NR,2.00E-19,-1.441371648,rs2233424
rs2301888-A,NR,6.00E-19,-2.024052247,rs2301888
rs17264332-A,NR,1.00E-17,-2.996868919,rs17264332
rs8026898-A,NR,2.00E-17,-2.737600028,rs8026898
rs8032939-T,NR,3.00E-16,-2.144095269,rs8032939
rs9653442-T,NR,2.00E-15,-2.266079601,rs9653442
rs8083786-A,NR,2.00E-15,-2.077699061,rs8083786
rs11933540-T,NR,2.00E-15,-2.685111321,rs11933540
rs4239702-T,NR,3.00E-14,-2.388651825,rs4239702
rs3778753-A,NR,3.00E-14,-2.22048911,rs3778753
rs909685-A,NR,4.00E-14,-1.904480339,rs909685
rs187786174-A,NR,4.00E-14,-2.134210342,rs187786174
rs1858037-A,NR,8.00E-14,-2.344097951,rs1858037
rs10790268-A,NR,1.00E-13,-2.717140392,rs10790268
rs34695944-T,NR,2.00E-13,-2.412283894,rs34695944
rs11574914-A,NR,2.00E-13,-2.163449434,rs11574914
rs59716545-T,NR,3.00E-13,-2.26657144,rs59716545
rs2736337-T,NR,4.00E-13,-2.047106016,rs2736337
rs9603616-T,NR,2.00E-12,-2.28897809,rs9603616
rs1980422-T,NR,3.00E-12,-2.155389976,rs1980422
rs1893592-A,NR,6.00E-12,-2.252862031,rs1893592
rs28411352-T,NR,6.00E-12,-2.204687355,rs28411352
rs9378815-G,NR,1.00E-11,-2.334159355,rs9378815
rs706778-T,NR,2.00E-11,-2.540263769,rs706778
rs73013527-T,NR,3.00E-11,-2.167145522,rs73013527
rs2451258-T,NR,6.00E-11,-2.157974057,rs2451258
rs2105325-A,NR,1.00E-10,-2.224911343,rs2105325
rs13330176-A,NR,2.00E-10,-2.585389746,rs13330176
rs761426-A,NR,2.00E-10,-2.221761152,rs761426
rs2561477-A,NR,6.00E-10,-2.357952993,rs2561477
rs4452313-A,NR,8.00E-10,-2.547276644,rs4452313
rs8133843-A,NR,1.00E-09,-2.466824325,rs8133843
rs1950897-T,NR,1.00E-09,-2.310859229,rs1950897
rs773125-A,NR,1.00E-09,-2.45463548,rs773125
rs2234067-A,NR,2.00E-09,-1.985914769,rs2234067
rs10175798-A,NR,3.00E-09,-2.478252438,rs10175798
rs10985070-A,NR,3.00E-09,-2.554342905,rs10985070
rs2228145-A,NR,3.00E-09,-2.535262699,rs2228145
rs13142500-T,NR,7.00E-09,-2.372337181,rs13142500
rs2317230-T,NR,1.00E-08,-2.565172682,rs2317230
rs1877030-T,NR,1.00E-08,-2.276342463,rs1877030
rs3824660-T,NR,3.00E-08,-2.749216005,rs3824660
rs947474-A,NR,3.00E-08,-2.667188527,rs947474
rs9268839-A,NR,1.00E-100,-0.304935392,rs9268839
rs13017599-A,0.34,2.00E-12,0.19062036,rs13017599
rs2736340-A,0.24,6.00E-09,0.173953307,rs2736340
rs231735-T,0.51,6.00E-09,0.157003749,rs231735
rs2075876-A,0.34,4.00E-09,0.165514438,rs2075876
rs2233434-G,0.215,1.00E-15,0.182321557,rs2233434
rs3125734-T,0.108,5.00E-09,0.182321557,rs3125734
rs9275406-T,0.17,3.00E-12,0.741937345,rs9275406
rs3093024-T,0.46,8.00E-19,0.173953307,rs3093024
rs13192471-G,0.22,2.00E-58,0.678033543,rs13192471
rs2476601-A,0.094,4.00E-81,0.483702002,rs2476601
rs16878091-A,0.294,3.00E-13,0.127755016,rs16878091
rs11757201-C,0.208,3.00E-11,0.130210999,rs11757201
rs2812378-G,0.334,4.00E-11,0.112871974,rs2812378
rs8043085-T,0.235,2.00E-09,0.112830972,rs8043085
rs58721818-T,0.033,2.00E-09,0.298688034,rs58721818
rs1748041-C,0.301,2.00E-09,0.104718059,rs1748041
rs10931468-A,0.128,1.00E-08,0.135621033,rs10931468
rs7426056-A,0.231,1.00E-08,0.10756694,rs7426056
rs72928038-A,0.165,2.00E-08,0.12128596,rs72928038
rs35677470-A,0.074,2.00E-08,0.178993023,rs35677470
rs3802604-G,0.359,2.00E-08,0.094496394,rs3802604
rs2201584-G,NR,8.00E-10,0.09531018,rs2201584
rs770667-T,NR,2.00E-08,0.076961041,rs770667
rs34030880-A,NR,3.00E-08,0.076961041,rs34030880
rs244672-C,NR,1.00E-09,0.086177696,rs244672
rs8040585-C,NR,2.00E-08,0.076961041,rs8040585
rs3087243-G,0.452,2.00E-09,-3.575550769,rs3087243
rs7617779-A,0.73,2.00E-08,-3.506557897,rs7617779
rs34269949-A,0.548,7.00E-10,-3.540459449,rs34269949
rs16878091-G,0.304,1.00E-13,-3.270169119,rs16878091
rs7731626-G,0.376,5.00E-26,-2.95651156,rs7731626
rs6920220-G,0.222,2.00E-12,-3.218875825,rs6920220
rs968334-T,0.443,2.00E-10,-3.473768074,rs968334
rs10261758-G,0.712,3.00E-08,-3.540459449,rs10261758
rs3757387-T,0.548,5.00E-15,-3.296837366,rs3757387
rs2736340-C,0.255,3.00E-09,-3.442019376,rs2736340
rs706778-C,0.401,6.00E-14,-3.324236341,rs706778
rs11593907-T,0.792,2.00E-09,-3.352407217,rs11593907
rs7117261-T,0.193,2.00E-11,-3.218875825,rs7117261
rs9603618-C,0.281,4.00E-09,-3.473768074,rs9603618
rs72727387-G,0.259,1.00E-12,-3.244193633,rs72727387
rs17374222-C,0.493,5.00E-14,-3.324236341,rs17374222
rs7201780-C,0.441,8.00E-10,-3.540459449,rs7201780
rs9933582-T,0.769,3.00E-09,-3.381394754,rs9933582
rs12941333-C,0.477,4.00E-08,-3.649658741,rs12941333
rs2278442-G,0.645,3.00E-11,-3.411247718,rs2278442
rs2409493-A,0.537,1.00E-08,-3.611918413,rs2409493
rs2069235-G,0.3,8.00E-09,-3.506557897,rs2069235
rs867436-C,0.356,4.00E-10,-3.473768074,rs867436
rs1635578-T,0.321,1.00E-08,-3.540459449,rs1635578
rs6679677-C,0.102,2.00E-92,-1.832581464,rs6679677
rs906868-G,0.635,1.00E-08,-3.575550769,rs906868
rs13026755-C,0.345,6.00E-10,-3.473768074,rs13026755
rs3024886-C,0.225,2.00E-11,-3.270169119,rs3024886
rs11624293-C,0.087,2.00E-10,0.182321557,rs11624293
rs2910686-C,0.44,5.00E-17,0.157003749,rs2910686
rs7282490-G,0.39,6.00E-09,0.104360015,rs7282490
rs11209026-G,0.934,2.00E-27,0.482426149,rs11209026
rs6759298-C,0.378,5.00E-47,0.254642218,rs6759298
rs30187-T,0.338,4.00E-45,0.254642218,rs30187
rs1128905-C,0.503,7.00E-09,0.09531018,rs1128905
rs11209026-G,0.934,6.00E-28,0.500775288,rs11209026
rs41299637-T,0.715,7.00E-16,0.182321557,rs41299637
rs6759298-C,0.378,4.00E-41,0.270027137,rs6759298
rs1801274-T,0.476,1.00E-09,0.104360015,rs1801274
rs12615545-C,0.421,1.00E-09,0.113328685,rs12615545
rs4676410-T,0.209,1.00E-08,0.122217633,rs4676410
rs1250550-G,0.652,2.00E-09,0.104360015,rs1250550
rs1860545-C,0.605,8.00E-10,0.122217633,rs1860545
rs9901869-A,0.516,2.00E-12,0.139761942,rs9901869
rs2836883-G,0.734,2.00E-14,0.173953307,rs2836883
rs10045403-A,0.73,6.00E-14,0.182321557,rs10045403
rs2531875-G,0.367,1.00E-10,0.113328685,rs2531875
rs35164067-G,0.796,3.00E-10,0.131028262,rs35164067
rs6600247-C,0.501,3.00E-15,0.139761942,rs6600247
rs41299637-T,0.715,2.00E-15,0.173953307,rs41299637
rs6871626-A,0.337,3.00E-08,0.09531018,rs6871626
rs6600247-C,0.501,1.00E-14,0.148420005,rs6600247
rs1860545-C,0.605,3.00E-10,0.122217633,rs1860545
rs9901869-A,0.516,6.00E-15,0.131028262,rs9901869
rs2836883-G,0.734,7.00E-17,0.165514438,rs2836883
rs4129267-C,0.592,3.00E-13,0.131028262,rs4129267
rs30187-T,0.338,1.00E-41,0.277631737,rs30187
rs1128905-C,0.503,2.00E-09,0.113328685,rs1128905
rs11190133-C,0.707,5.00E-14,0.139761942,rs11190133
rs4129267-C,0.592,2.00E-15,0.165514438,rs4129267
rs1801274-T,0.476,1.00E-09,0.113328685,rs1801274
rs17765610-G,0.118,3.00E-08,0.157003749,rs17765610
rs11190133-C,0.707,2.00E-14,0.165514438,rs11190133
rs11624293-C,0.087,2.00E-10,0.207014169,rs11624293
rs2531875-G,0.367,1.00E-08,0.113328685,rs2531875
rs35164067-G,0.796,7.00E-09,0.148420005,rs35164067
rs12141575-A,0.33,9.00E-11,0.139761942,rs12141575
rs189622470-G,0.9995,4.00E-13,0.761739972,rs189622470
rs142569411-G,0.9965,1.00E-11,0.874217955,rs142569411
rs191941550-C,0.9945,3.00E-12,0.558472277,rs191941550
rs181590288-C,0.9995,5.00E-12,1.259596708,rs181590288
rs564715039-C,0.9997,7.00E-12,1.429114358,rs564715039
rs529860248-T,0.9994,2.00E-12,1.408300441,rs529860248
rs13001372-A,0.4119,2.00E-12,-1.436745905,rs13001372
rs571222194-A,0.9993,4.00E-11,1.05012208,rs571222194
rs544460457-G,0.9997,1.00E-11,1.437937594,rs544460457
rs17190120-G,0.9863,1e-323,0.762206716,rs17190120
rs141561509-T,0.9968,8.00E-14,1.17557333,rs141561509
rs188905330-C,0.9964,2.00E-12,1.060910421,rs188905330
rs567303840-T,0.9997,5.00E-11,1.296096093,rs567303840
rs530496300-C,0.9995,4.00E-13,1.158766211,rs530496300
rs540778631-T,0.9983,9.00E-12,1.03815432,rs540778631
rs573279630-G,0.9995,3.00E-11,1.048020503,rs573279630
rs552646385-G,0.9989,2.00E-11,1.280100165,rs552646385
rs576451181-C,0.9986,1.00E-11,1.029262211,rs576451181
rs544909513-G,0.999,3.00E-11,1.341035455,rs544909513
rs183205659-G,0.9975,3.00E-11,0.404130885,rs183205659
rs368276108-C,0.999,4.00E-11,1.18692837,rs368276108
rs28826344-T,0.9995,7.00E-13,0.867940471,rs28826344
rs141048732-T,0.9996,2.00E-11,1.207765603,rs141048732
rs896425173-G,0.9997,3.00E-14,1.197552237,rs896425173
rs563260345-T,0.998,4.00E-11,0.832909123,rs563260345
rs9269234-G,0.65,5.00E-11,0.559615788,rs9269234
rs12519788-G,0.79,1.00E-08,0.58221562,rs12519788
rs9269234-G,0.65,6.00E-16,0.760805829,rs9269234
rs12601925-G,0.86,6.00E-09,0.765467842,rs12601925
rs2561477-G,0.69,1.00E-09,0.105360596,rs2561477
rs4936059-G,0.66,7.00E-10,0.105360596,rs4936059
rs212389-A,0.62,1.00E-10,0.116533811,rs212389
rs909685-T,0.31,3.00E-09,0.105360596,rs909685
rs4728142-A,0.45,5.00E-12,0.122217633,rs4728142
rs9603618-G,0.73,5.00E-09,0.105360596,rs9603618
rs2812378-G,0.34,5.00E-11,0.113328685,rs2812378
rs9880772-A,0.53,3.00E-08,0.094310589,rs9880772
rs2843401-G,0.68,7.00E-12,0.116533811,rs2843401
rs2301888-A,0.35,5.00E-21,0.157003749,rs2301888
rs883220-C,0.76,2.00E-08,0.116533811,rs883220
rs2476601-A,0.11,2.00E-126,0.598836501,rs2476601
rs11217037-G,0.8,1.00E-12,0.139262078,rs11217037
rs34695944-G,0.37,4.00E-13,0.122217633,rs34695944
rs11126034-A,0.34,3.00E-09,0.104360015,rs11126034
rs11123811-A,0.51,9.00E-16,0.122217633,rs11123811
rs13426947-A,0.2,4.00E-17,0.157003749,rs13426947
rs3087243-G,0.44,9.00E-15,0.12783334,rs3087243
rs73081554-A,0.07,1.00E-08,0.19062036,rs73081554
rs34536443-C,0.96,3.00E-15,0.415515434,rs34536443
rs71624119-G,0.77,3.00E-18,0.198450943,rs71624119
rs9979383-A,0.63,4.00E-08,0.083381589,rs9979383
rs11089637-G,0.17,1.00E-09,0.122217633,rs11089637
rs1893592-A,0.72,8.00E-11,0.116533811,rs1893592
rs6920220-A,0.22,2.00E-18,0.173953307,rs6920220
rs61828284-G,0.92,3.00E-09,0.21072103,rs61828284
rs1571878-G,0.45,5.00E-17,0.131028262,rs1571878
rs7579944-G,0.64,4.00E-09,0.09531018,rs7579944
rs911263-A,0.72,3.00E-08,0.105360596,rs911263
rs10760126-A,0.56,4.00E-12,0.105360596,rs10760126
rs10795791-G,0.58,1.00E-10,0.105360596,rs10795791
rs947474-A,0.82,1.00E-08,0.116533811,rs947474
rs3781094-A,0.34,1.00E-09,0.104360015,rs3781094
rs12764378-A,0.23,2.00E-14,0.139761942,rs12764378
rs3761959-A,0.45,1.00E-08,0.086177696,rs3761959
rs8032939-G,0.74,2.00E-17,0.150822892,rs8032939
rs8026898-A,0.27,5.00E-14,0.139761942,rs8026898
rs13330176-A,0.24,2.00E-08,0.113328685,rs13330176
rs12936409-A,0.47,1.00E-10,0.104360015,rs12936409
rs2847297-A,0.34,3.00E-08,0.086177696,rs2847297
rs12506688-A,0.3,8.00E-14,0.139761942,rs12506688
rs1883832-G,0.75,2.00E-13,0.12783334,rs1883832
rs58721818-A,0.03,1.00E-17,0.336472237,rs58721818
rs3761847-G,0.41,4.00E-14,0.277631737,rs3761847
rs10499194-C,0.71,1.00E-09,0.285178942,rs10499194
rs10553577-T,0.317551876,4.00E-09,-2.056270085,rs10553577
rs58107865-C,0.254039566,4.00E-08,-1.942397655,rs58107865
rs3093017-G,0.512948772,2.00E-19,-1.684685626,rs3093017
rs532322163-T,0.133495442,2.00E-152,-0.146049764,rs532322163
rs28362859-C,0.218283566,4.00E-12,-1.759581498,rs28362859
rs4728142-A,0.103736386,7.00E-10,-1.585850007,rs4728142
rs10821944-T,0.634536502,6.00E-09,-2.101403428,rs10821944
rs144238538-T,0.437643159,4.00E-08,-2.28701488,rs144238538
rs2476601-G,NR,6.00E-34,-1.178955041,rs2476601
rs10797431-T,NR,1.00E-08,-2.603690186,rs10797431
rs11889341-T,NR,3.00E-17,-2.093946228,rs11889341
rs7731626-A,NR,1.00E-17,-2.007679175,rs7731626
rs9494894-C,NR,2.00E-08,-1.7567785,rs9494894
rs3093017-G,NR,4.00E-20,-2.137918471,rs3093017
rs35139284-T,NR,4.00E-287,-0.618596449,rs35139284
rs386700170-T,NR,1.00E-08,-2.127791803,rs386700170
rs28362859-C,NR,1.00E-12,-1.920729851,rs28362859
rs11269962-T,NR,1.00E-13,-2.219163485,rs11269962
rs10261758-A,NR,1.00E-08,-2.513306124,rs10261758
rs2618444-C,NR,7.00E-12,-2.297597551,rs2618444
rs1776616-G,NR,2.00E-09,-2.486507931,rs1776616
rs71508903-T,NR,3.00E-08,-2.439550948,rs71508903
rs2156698-A,NR,1.00E-08,-2.596956154,rs2156698
rs56376587-C,NR,4.00E-09,-2.544656654,rs56376587
rs34536443-C,NR,3.00E-08,-1.440961762,rs34536443
rs111469885-A,NR,3.00E-08,-2.091514123,rs111469885
rs5754100-C,NR,9.00E-09,-2.453407983,rs5754100
rs5757628-A,NR,8.00E-10,-2.337176538,rs5757628
rs144238538-T,NR,4.00E-09,-2.258568208,rs144238538
rs115879499-G,0.49,5.00E-18,0.3074847,rs115879499
rs2867461-A,0.44,1.00E-12,0.122217633,rs2867461
rs12529514-C,0.14,2.00E-08,0.131028262,rs12529514
rs2233434-G,0.21,6.00E-19,0.173953307,rs2233434
rs10821944-G,0.36,6.00E-18,0.148420005,rs10821944
rs11900673-T,0.28,1.00E-08,0.104360015,rs11900673
rs657075-A,0.36,3.00E-10,0.113328685,rs657075
rs3781913-T,0.69,6.00E-10,0.113328685,rs3781913
rs2841277-T,0.69,2.00E-14,0.139761942,rs2841277
rs2847297-G,0.33,2.00E-08,0.09531018,rs2847297
rs4810485-G,0.75,8.00E-09,0.139761942,rs4810485
rs2812378-G,0.34,3.00E-08,0.113328685,rs2812378
rs660895-G,NR,1.00E-300,1.108529616,rs660895
rs6920220-A,0.2,4.00E-15,0.140544245,rs6920220
rs2812378-G,0.34,9.00E-09,0.110377907,rs2812378
rs10795791-G,0.4,1.00E-09,0.088102448,rs10795791
rs595158-C,0.49,3.00E-08,0.086177696,rs595158
rs660895-G,NR,2.00E-08,0.189214413,rs660895
rs12506688-A,NR,6.00E-13,0.145916875,rs12506688
rs6920220-A,0.2,4.00E-18,0.18448588,rs6920220
rs2812378-G,0.34,1.00E-09,0.137411356,rs2812378
rs10795791-G,0.4,1.00E-09,0.099573805,rs10795791
rs2240339-A,0.58,1.00E-10,0.128515459,rs2240339
rs12764378-A,0.23,4.00E-10,0.121509417,rs12764378
rs8043085-A,0.25,5.00E-11,0.158114243,rs8043085
rs13330176-A,0.22,5.00E-09,0.137585663,rs13330176
rs2834512-A,0.88,3.00E-08,0.150822892,rs2834512
rs13397-A,0.12,1.00E-12,0.242710857,rs13397
rs13426947-A,0.19,8.00E-09,0.153836345,rs13426947
rs2476601-A,0.09,8.00E-77,0.579138264,rs2476601
rs34695944-G,0.37,3.00E-08,0.122217633,rs34695944
rs59466457-A,0.44,3.00E-10,0.135841223,rs59466457
rs12506688-A,0.3,4.00E-10,0.12548662,rs12506688
rs13397-A,0.12,3.00E-12,0.210422987,rs13397
rs13426947-A,0.19,7.00E-10,0.142627398,rs13426947
rs2476601-A,0.09,9.00E-62,0.465932855,rs2476601
rs660895-G,NR,1.00E-300,0.817574759,rs660895
rs8026898-A,0.29,7.00E-12,0.1537506,rs8026898
rs12525220-A,0.057,7.00E-14,1.10359983,rs12525220
rs12525220-A,0.057,3.00E-12,0.958583644,rs12525220
rs12617656-T,0.338,2.00E-21,0.442760893,rs12617656
rs1854853-A,0.468,7.00E-15,0.348118441,rs1854853
rs12379034-C,0.25,1.00E-16,0.398104754,rs12379034
rs12617656-T,0.338,1.00E-08,0.217527813,rs12617656
rs1854853-A,0.468,2.00E-10,0.234439511,rs1854853
rs12379034-C,0.25,1.00E-12,0.289680075,rs12379034
rs7748270-T,0.525,4.00E-13,0.551641218,rs7748270
rs7748270-T,0.525,1.00E-16,0.698134722,rs7748270
rs12525220-A,0.057,2.00E-13,1.053963537,rs12525220
rs934734-G,NR,2.00E-08,0.132781111,rs934734
rs11676922-T,NR,2.00E-08,0.124868982,rs11676922
rs3093023-A,NR,4.00E-09,0.136277618,rs3093023
rs2072438-T,NR,3.00E-09,0.132781111,rs2072438
rs6679677-A,NR,2.00E-28,0.292669614,rs6679677
rs2422345-A,NR,3.00E-08,0.104360015,rs2422345
rs17849502-T,NR,4.00E-15,0.3074847,rs17849502
rs13389408-C,NR,3.00E-17,0.2390169,rs13389408
rs35677470-A,NR,5.00E-09,0.198850859,rs35677470
rs112846137-T,NR,1.00E-08,0.2390169,rs112846137
rs13101828-G,NR,1.00E-08,0.104360015,rs13101828
rs4958880-A,NR,1.00E-11,0.148420005,rs4958880
rs2431098-G,NR,5.00E-12,0.113328685,rs2431098
rs58721818-T,NR,5.00E-23,0.494696242,rs58721818
rs193107685-C,NR,3.00E-09,0.418710335,rs193107685
rs10954214-T,NR,7.00E-17,0.165514438,rs10954214
rs13238352-T,NR,1.00E-38,0.364643114,rs13238352
rs2736337-C,NR,5.00E-22,0.207014169,rs2736337
rs11066301-T,NR,4.00E-08,0.104360015,rs11066301
rs76246107-G,NR,3.00E-08,0.246860078,rs76246107
rs5754467-G,NR,1.00E-13,0.182321557,rs5754467
rs26232-T,0.32,4.00E-08,-0.105360516,rs26232
rs3087243-A,0.44,1.00E-08,-0.139262067,rs3087243
rs6910071-G,0.22,1.00E-299,1.057790294,rs6910071
rs934734-G,0.49,5.00E-10,0.122217633,rs934734
rs3093023-A,0.43,2.00E-11,0.113328685,rs3093023
rs10488631-C,0.11,4.00E-11,0.19062036,rs10488631
rs11676922-T,0.46,1.00E-14,0.131028262,rs11676922
rs706778-T,0.4,1.00E-11,0.113328685,rs706778
rs874040-C,0.3,1.00E-16,0.148420005,rs874040
rs4810485-T,0.25,3.00E-09,-0.162518929,rs4810485
rs6859219-A,0.21,1.00E-11,-0.210721031,rs6859219
rs2476601-A,0.1,9.00E-74,0.662687973,rs2476601
rs6920220-A,0.22,9.00E-13,0.198850859,rs6920220
rs951005-G,0.16,4.00E-10,-0.15082289,rs951005
rs12702634-C,0.081,2.00E-08,0.712949808,rs12702634
rs284511-C,0.33,3.00E-08,-0.891598119,rs284511
rs4148325-T,0.3508,3.00E-41,-1.272965676,rs4148325
rs56139217-C,0.113463346,1.00E-08,0.211991113,rs56139217
rs3093017-G,0.523756034,2.00E-18,-0.201732476,rs3093017
rs80202727-T,0.238626829,2.00E-12,0.185713963,rs80202727
rs3757387-C,0.106400984,5.00E-09,0.212312952,rs3757387
rs10553577-T,0.319629318,1.00E-09,0.14634976,rs10553577
rs6615512-T,NR,6.00E-09,0.119723019,rs6615512
rs4239702-C,0.69,4.00E-18,0.122217633,rs4239702
rs773125-A,0.65,1.00E-10,0.086177696,rs773125
rs773125-A,0.6,2.00E-08,0.086177696,rs773125
rs4272-G,0.19,5.00E-09,0.09531018,rs4272
rs4272-G,0.21,1.00E-08,0.09531018,rs4272
rs4409785-C,0.17,4.00E-09,0.113328685,rs4409785
rs6715284-G,0.1,3.00E-09,0.139761942,rs6715284
rs9603616-C,0.66,3.00E-11,0.104360015,rs9603616
rs3087243-G,0.6,3.00E-25,0.131028262,rs3087243
rs10790268-G,0.79,1.00E-17,0.157003749,rs10790268
rs10790268-G,0.81,1.00E-15,0.131028262,rs10790268
rs13330176-A,0.23,9.00E-09,0.113328685,rs13330176
rs67250450-T,0.79,3.00E-09,0.104360015,rs67250450
rs9372120-G,0.2,4.00E-08,0.09531018,rs9372120
rs2105325-C,0.74,3.00E-11,0.113328685,rs2105325
rs8026898-A,0.21,4.00E-19,0.139761942,rs8026898
rs72634030-A,0.23,2.00E-09,0.113328685,rs72634030
rs11933540-C,0.31,1.00E-16,0.139761942,rs11933540
rs2561477-G,0.68,2.00E-11,0.104360015,rs2561477
rs2561477-G,0.69,1.00E-10,0.086177696,rs2561477
rs11574914-A,0.26,3.00E-15,0.113328685,rs11574914
rs1571878-C,0.45,5.00E-35,0.157003749,rs1571878
rs1571878-C,0.48,1.00E-22,0.246860078,rs1571878
rs624988-T,0.4,8.00E-10,0.086177696,rs624988
rs2469434-C,0.4,9.00E-10,0.067658648,rs2469434
rs1980422-C,0.19,3.00E-14,0.113328685,rs1980422
rs1980422-C,0.24,2.00E-13,0.122217633,rs1980422
rs6479800-C,0.18,4.00E-08,0.104360015,rs6479800
rs8133843-A,0.59,3.00E-09,0.076961041,rs8133843
rs8133843-A,0.62,2.00E-08,0.086177696,rs8133843
rs10774624-G,0.5,7.00E-09,0.086177696,rs10774624
rs1858037-T,0.52,3.00E-15,0.104360015,rs1858037
rs1858037-T,0.65,2.00E-09,0.086177696,rs1858037
rs1858037-T,0.16,1.00E-08,0.173953307,rs1858037
rs11889341-T,0.25,4.00E-19,0.122217633,rs11889341
rs11574914-A,0.33,2.00E-15,0.122217633,rs11574914
rs1571878-C,0.44,2.00E-18,0.122217633,rs1571878
rs2469434-C,0.37,1.00E-08,0.104360015,rs2469434
rs4239702-C,0.72,1.00E-16,0.131028262,rs4239702
rs4409785-C,0.15,1.00E-11,0.113328685,rs4409785
rs9603616-C,0.68,2.00E-12,0.09531018,rs9603616
rs3087243-G,0.55,4.00E-22,0.139761942,rs3087243
rs3806624-G,0.46,3.00E-08,0.076961041,rs3806624
rs4452313-T,0.29,5.00E-11,0.104360015,rs4452313
rs9373594-T,0.63,3.00E-09,0.086177696,rs9373594
rs947474-A,0.81,3.00E-10,0.113328685,rs947474
rs8083786-G,0.16,8.00E-09,0.113328685,rs8083786
rs12140275-A,0.75,4.00E-09,0.104360015,rs12140275
rs1877030-C,0.83,2.00E-08,0.086177696,rs1877030
rs28411352-T,0.25,3.00E-12,0.104360015,rs28411352
rs28411352-T,0.25,6.00E-09,0.09531018,rs28411352
rs2233424-T,0.21,2.00E-13,0.21511138,rs2233424
rs2233424-T,0.04,3.00E-08,0.285178942,rs2233424
rs2301888-G,0.41,8.00E-13,0.173953307,rs2301888
rs2301888-G,0.65,6.00E-09,0.104360015,rs2301888
rs4452313-T,0.35,2.00E-10,0.086177696,rs4452313
rs3783782-A,0.09,2.00E-09,0.131028262,rs3783782
rs3783782-A,0.22,4.00E-09,0.131028262,rs3783782
rs947474-A,0.83,4.00E-10,0.104360015,rs947474
rs8083786-G,0.21,6.00E-18,0.131028262,rs8083786
rs8083786-G,0.34,2.00E-11,0.165514438,rs8083786
rs2476601-A,0.09,9.00E-170,0.587786665,rs2476601
rs1950897-T,0.76,8.00E-11,0.09531018,rs1950897
rs8032939-C,0.35,2.00E-18,0.122217633,rs8032939
rs8032939-C,0.25,3.00E-14,0.122217633,rs8032939
rs34695944-C,0.36,4.00E-16,0.122217633,rs34695944
rs34695944-C,0.27,2.00E-15,0.113328685,rs34695944
rs6732565-A,0.62,9.00E-09,0.09531018,rs6732565
rs6732565-A,0.61,3.00E-08,0.067658648,rs6732565
rs9653442-C,0.46,2.00E-18,0.104360015,rs9653442
rs9653442-C,0.46,1.00E-14,0.113328685,rs9653442
rs7731626-G,0.63,8.00E-23,0.19062036,rs7731626
rs71508903-T,0.22,5.00E-22,0.148420005,rs71508903
rs71508903-T,0.21,3.00E-15,0.139761942,rs71508903
rs71508903-T,0.24,1.00E-08,0.165514438,rs71508903
rs9372120-G,0.16,8.00E-10,0.104360015,rs9372120
rs67250450-T,0.58,4.00E-09,0.09531018,rs67250450
rs10175798-A,0.54,1.00E-09,0.076961041,rs10175798
rs10175798-A,0.62,4.00E-08,0.086177696,rs10175798
rs2105325-C,0.79,7.00E-13,0.113328685,rs2105325
rs2736337-C,0.36,3.00E-13,0.104360015,rs2736337
rs8026898-A,0.27,6.00E-18,0.139761942,rs8026898
rs1516971-T,0.87,3.00E-11,0.148420005,rs1516971
rs726288-T,0.18,9.00E-09,0.198850859,rs726288
rs7752903-G,0.04,2.00E-29,0.322083499,rs7752903
rs73013527-C,0.56,1.00E-10,0.086177696,rs73013527
rs968567-C,0.83,2.00E-08,0.113328685,rs968567
rs3824660-C,0.39,3.00E-09,0.09531018,rs3824660
rs13330176-A,0.3,1.00E-12,0.113328685,rs13330176
rs12140275-A,0.81,2.00E-09,0.104360015,rs12140275
rs77331626-G,0.71,7.00E-24,0.19062036,rs77331626
rs11889341-T,0.23,1.00E-12,0.113328685,rs11889341
rs11889341-T,0.3,2.00E-08,0.148420005,rs11889341
rs706778-T,0.4,5.00E-15,0.113328685,rs706778
rs706778-T,0.45,5.00E-14,0.09531018,rs706778
rs3806624-G,0.56,9.00E-09,0.076961041,rs3806624
rs2451258-T,0.74,3.00E-11,0.09531018,rs2451258
rs7752903-G,0.07,7.00E-11,0.292669614,rs7752903
rs227163-C,0.42,3.00E-09,0.104360015,rs227163
rs998731-T,0.44,7.00E-09,0.086177696,rs998731
rs10985070-C,0.45,5.00E-11,0.076961041,rs10985070
rs10985070-C,0.42,4.00E-09,0.086177696,rs10985070
rs4780401-T,0.59,9.00E-09,0.086177696,rs4780401
rs4780401-T,0.56,4.00E-08,0.067658648,rs4780401
rs34536443-G,0.95,5.00E-16,0.378436436,rs34536443
rs2671692-A,0.52,3.00E-09,0.067658648,rs2671692
rs13142500-C,0.49,3.00E-09,0.09531018,rs13142500
rs9268839-G,0.45,1.00E-250,0.824175443,rs9268839
rs2233424-T,0.12,1.00E-19,0.231111721,rs2233424
rs1893592-A,0.73,7.00E-12,0.104360015,rs1893592
rs6715284-G,0.1,2.00E-09,0.139761942,rs6715284
rs1516971-T,0.89,1.00E-10,0.139761942,rs1516971
rs5987194-C,0.36,5.00E-16,0.148420005,rs5987194
rs998731-T,0.56,2.00E-08,0.076961041,rs998731
rs11089637-C,0.26,2.00E-09,0.076961041,rs11089637
rs793108-T,0.49,1.00E-09,0.076961041,rs793108
rs2301888-G,0.58,1.00E-18,0.122217633,rs2301888
rs3824660-C,0.38,2.00E-08,0.076961041,rs3824660
rs678347-G,0.27,7.00E-09,0.09531018,rs678347
rs678347-G,0.42,2.00E-08,0.076961041,rs678347
rs9268839-G,0.45,1.00E-250,0.904218151,rs9268839
rs9268839-G,0.44,2.00E-145,0.641853886,rs9268839
rs73194058-C,0.87,3.00E-08,0.122217633,rs73194058
rs9826828-A,0.02,9.00E-10,0.364643114,rs9826828
rs909685-A,0.45,1.00E-16,0.122217633,rs909685
rs909685-A,0.3,6.00E-12,0.104360015,rs909685
rs7752903-G,0.03,2.00E-20,0.343589704,rs7752903
rs2451258-T,0.64,2.00E-10,0.09531018,rs2451258
rs2664035-A,0.4,3.00E-08,0.076961041,rs2664035
rs5987194-C,0.13,3.00E-12,0.148420005,rs5987194
rs9378815-C,0.58,2.00E-10,0.086177696,rs9378815
rs2228145-A,0.6,4.00E-09,0.076961041,rs2228145
rs16947122-C,NR,5.00E-09,0.622402776,rs16947122
rs1364229-A,NR,2.00E-10,0.297062934,rs1364229
rs479777-C,0.3341,1.00E-10,-0.061875404,rs479777
rs7320598-T,0.3446,2.00E-14,-0.072570693,rs7320598
rs35677470-A,0.0779,2.00E-08,0.09531018,rs35677470
rs12720356-C,0.0931,4.00E-10,-0.105360516,rs12720356
rs2476601-A,0.0965,4.00E-144,0.343589704,rs2476601
rs6679677-A,0.12,4.00E-144,0.343589704,rs6679677
rs10985070-C,0.4364,9.00E-10,0.058268908,rs10985070
rs117068593-T,0.1841,2.00E-09,-0.072570693,rs117068593
rs7117261-T,0.1934,8.00E-13,-0.083381609,rs7117261
rs62422878-T,0.2,3.00E-08,0.067658648,rs62422878
rs4853458-A,0.2237,3.00E-19,0.09531018,rs4853458
rs3757387-T,0.55,2.00E-14,-0.072570693,rs3757387
rs13333054-T,0.227,1.00E-10,0.067658648,rs13333054
rs2409780-C,0.254,1.00E-12,0.076961041,rs2409780
rs7170107-T,0.26,1.00E-09,0.067658648,rs7170107
rs10261758-G,0.2882,4.00E-12,0.067658648,rs10261758
rs3118471-G,0.2967,2.00E-12,0.067658648,rs3118471
rs932036-T,0.2995,7.00E-18,0.086177696,rs932036
rs1660322-C,0.3106,9.00E-11,0.067658648,rs1660322
rs7749323-A,0.03,6.00E-11,0.173953307,rs7749323
rs897628-T,0.3362,2.00E-10,-0.061875404,rs897628
rs34536443-C,0.0439,3.00E-29,-0.287682072,rs34536443
rs7731626-A,0.3669,1.00E-39,-0.127833372,rs7731626
rs3093017-C,0.4337,7.00E-15,0.067658648,rs3093017
rs3087243-A,0.448,3.00E-19,-0.083381609,rs3087243
rs3184504-T,0.4635,1.00E-17,0.076961041,rs3184504
rs2117234-T,0.4708,3.00E-15,0.076961041,rs2117234
rs1538981-C,0.4896,9.00E-12,-0.061875404,rs1538981
rs73013527-T,0.5,8.00E-10,-0.061875404,rs73013527
rs2004640-G,0.512,5.00E-13,-0.061875404,rs2004640
rs35926684-G,0.2269,1.00E-14,0.086177696,rs35926684
rs8032939-T,0.75,8.00E-09,-0.072570693,rs8032939
rs9939427-A,NR,2.00E-10,0.067658648,rs9939427
rs2476601-G,NR,4.00E-169,-0.544699934,rs2476601
rs2812378-A,NR,5.00E-15,-0.09789997,rs2812378
rs55963299-G,NR,7.00E-15,0.099199968,rs55963299
rs73005423-G,NR,4.00E-14,-0.10160004,rs73005423
rs58107865-C,NR,5.00E-14,-0.172699993,rs58107865
rs6831973-C,NR,5.00E-14,0.085400055,rs6831973
rs3757387-C,NR,1.00E-26,0.121200036,rs3757387
rs28362855-T,NR,6.00E-26,0.187500042,rs28362855
rs7902146-T,NR,7.00E-25,-0.115700007,rs7902146
rs12712065-G,NR,8.00E-25,-0.101100049,rs12712065
rs8026898-A,NR,3.00E-24,0.128799992,rs8026898
rs2736340-T,NR,1.00E-23,0.118799941,rs2736340
rs6495979-T,NR,8.00E-22,0.102499998,rs6495979
rs5754100-C,NR,1.00E-12,0.091900008,rs5754100
rs16903108-C,NR,1.00E-12,-0.143099997,rs16903108
rs66922517-T,NR,1.00E-12,0.076599957,rs66922517
rs7097397-A,NR,1.00E-12,-0.07370004,rs7097397
rs10917571-A,NR,2.00E-12,-0.089699973,rs10917571
rs187579-C,NR,2.00E-12,-0.093199978,rs187579
rs6681482-A,NR,4.00E-12,-0.090500037,rs6681482
rs7241016-G,NR,3.00E-18,0.104200003,rs7241016
rs7540342-C,NR,5.00E-12,-0.100500014,rs7540342
rs3134883-A,NR,1.00E-17,0.092999968,rs3134883
rs479777-C,NR,1.00E-11,-0.076300004,rs479777
rs10556591-A,NR,1.00E-11,0.073600029,rs10556591
rs115284761-C,NR,2.00E-11,-0.093400028,rs115284761
rs5756407-C,NR,2.00E-09,0.061199986,rs5756407
rs56787183-A,NR,2.00E-09,-0.163599984,rs56787183
rs12530098-T,NR,3.00E-09,0.109099935,rs12530098
rs4690029-C,NR,3.00E-09,-0.060199999,rs4690029
rs34480360-A,NR,3.00E-09,0.074899937,rs34480360
rs9826420-C,NR,3.00E-09,0.318700028,rs9826420
rs182199544-T,NR,4.00E-09,-0.135399995,rs182199544
rs10453119-C,NR,4.00E-09,0.077100013,rs10453119
rs4584833-T,NR,4.00E-09,0.073999995,rs4584833
rs2300373-T,NR,4.00E-09,-0.072200009,rs2300373
rs2918392-C,NR,5.00E-09,0.061099991,rs2918392
rs4687070-T,NR,6.00E-09,0.13579993,rs4687070
rs10497813-T,NR,8.00E-09,0.061199986,rs10497813
rs28398409-G,NR,8.00E-09,-0.09529996,rs28398409
rs244468-G,NR,8.00E-09,0.068999991,rs244468
rs591549-C,NR,9.00E-09,-0.092799997,rs591549
rs4809371-T,NR,1.00E-08,-0.088600027,rs4809371
rs1427749-G,NR,1.00E-08,-0.077099967,rs1427749
rs13396472-C,NR,1.00E-08,-0.081500011,rs13396472
rs72928038-A,NR,1.00E-08,0.103400005,rs72928038
rs61944750-A,NR,2.00E-08,-0.092500012,rs61944750
rs1188620266-C,NR,2.00E-08,-0.091400029,rs1188620266
rs146492555-AT,NR,2.00E-08,0.107599986,rs146492555
rs10415976-G,NR,3.00E-08,-0.080900017,rs10415976
rs28373672-G,NR,3.00E-08,-0.069300026,rs28373672
rs2664035-A,NR,2.00E-11,0.069199983,rs2664035
rs6979218-G,NR,2.00E-11,0.086700037,rs6979218
rs793095-T,NR,2.00E-11,0.066800056,rs793095
rs3184504-C,NR,3.00E-11,-0.088799957,rs3184504
rs1953126-C,NR,3.00E-11,-0.069000022,rs1953126
rs143107126-A,NR,5.00E-11,0.067200039,rs143107126
rs1885013-A,NR,6.00E-11,0.08000003,rs1885013
rs4655698-G,NR,6.00E-11,-0.080200013,rs4655698
rs6930468-G,NR,7.00E-11,0.068199997,rs6930468
rs11454989-AC,NR,7.00E-11,0.118900012,rs11454989
rs1893592-C,NR,1.00E-10,-0.074399999,rs1893592
rs28421442-A,NR,1.00E-10,-0.130600036,rs28421442
rs12519914-T,NR,2.00E-10,0.077999946,rs12519914
rs11777380-A,NR,3.00E-10,-0.080500004,rs11777380
rs4409785-C,NR,3.00E-10,0.091099966,rs4409785
rs138066321-G,NR,4.00E-10,-0.072599973,rs138066321
rs79145843-T,NR,8.00E-10,-0.115800041,rs79145843
rs1264600-C,NR,9.00E-10,-0.083800012,rs1264600
rs7171617-A,NR,9.00E-10,0.077399926,rs7171617
rs9880772-A,NR,9.00E-10,0.066800056,rs9880772
rs55762233-G,NR,1.00E-09,0.099399987,rs55762233
rs42044-G,NR,2.00E-09,0.075900015,rs42044
rs11420145-GA,NR,2.00E-09,0.073600029,rs11420145
rs2141331-T,NR,2.00E-09,0.122800029,rs2141331
rs12126142-A,NR,2.00E-09,-0.061500049,rs12126142
rs5019428-A,NR,1.00E-16,0.086200081,rs5019428
rs3093017-G,NR,1.00E-45,-0.142900056,rs3093017
rs7731626-A,NR,2.00E-44,-0.191600021,rs7731626
rs35926684-G,NR,2.00E-32,0.171799982,rs35926684
rs11889341-T,NR,2.00E-31,0.129100001,rs11889341
rs3087243-A,NR,1.00E-29,-0.117400034,rs3087243
rs2485362-G,NR,1.00E-13,0.095999942,rs2485362
rs3804333-T,NR,3.00E-13,0.106999951,rs3804333
rs10175798-A,NR,3.00E-13,0.077700027,rs10175798
rs798000-T,NR,4.00E-13,-0.091799988,rs798000
rs2317231-T,NR,6.00E-13,0.074600015,rs2317231
rs56750287-C,NR,7.00E-13,0.073699989,rs56750287
rs9532434-C,NR,9.00E-22,0.105699928,rs9532434
rs1883832-C,NR,4.00E-21,0.103499916,rs1883832
rs34536443-C,NR,6.00E-21,-0.444000032,rs34536443
rs575378713-TA,NR,6.00E-21,0.135100049,rs575378713
rs2069235-A,NR,1.00E-20,0.110400026,rs2069235
rs9927316-G,NR,1.00E-19,0.105599967,rs9927316
rs2258734-A,NR,4.00E-19,-0.098899985,rs2258734
rs10905284-A,NR,5.00E-12,-0.075899992,rs10905284
rs74313386-GA,NR,5.00E-18,-0.09630002,rs74313386
rs705700-C,NR,1.00E-11,-0.07240003,rs705700
rs3001423-A,NR,1.00E-16,0.161500036,rs3001423
rs798000-T,NR,4.00E-15,-0.108699974,rs798000
rs2485362-G,NR,6.00E-15,0.111099954,rs2485362
rs7241016-G,NR,6.00E-15,0.108899964,rs7241016
rs3804333-T,NR,7.00E-15,0.127600024,rs3804333
rs7540342-C,NR,4.00E-14,-0.121799984,rs7540342
rs73005423-G,NR,6.00E-14,-0.114399982,rs73005423
rs1885013-A,NR,7.00E-14,0.10279997,rs1885013
rs5019428-A,NR,4.00E-13,0.087700023,rs5019428
rs1953126-C,NR,6.00E-13,-0.085599981,rs1953126
rs56750287-C,NR,5.00E-12,0.080699969,rs56750287
rs6681482-A,NR,1.00E-11,-0.099200008,rs6681482
rs793095-T,NR,1.00E-11,0.077899952,rs793095
rs1893592-C,NR,2.00E-11,-0.089500027,rs1893592
rs3087243-A,NR,4.00E-28,-0.129999978,rs3087243
rs11889341-T,NR,2.00E-26,0.136399949,rs11889341
rs12712065-G,NR,5.00E-26,-0.119099982,rs12712065
rs2258734-A,NR,2.00E-24,-0.131799978,rs2258734
rs28362855-T,NR,7.00E-24,0.224800019,rs28362855
rs7902146-T,NR,4.00E-23,-0.130299979,rs7902146
rs8026898-A,NR,5.00E-23,0.138400059,rs8026898
rs575378713-TA,NR,6.00E-22,0.149500025,rs575378713
rs2069235-A,NR,3.00E-20,0.123399942,rs2069235
rs6495979-T,NR,6.00E-20,0.112799974,rs6495979
rs3757387-C,NR,1.00E-19,0.115699979,rs3757387
rs2736340-T,NR,2.00E-19,0.123499996,rs2736340
rs74313386-GA,NR,8.00E-19,-0.111799982,rs74313386
rs34536443-C,NR,2.00E-18,-0.450400002,rs34536443
rs9927316-G,NR,5.00E-18,0.118100052,rs9927316
rs9532434-C,NR,6.00E-18,0.109199995,rs9532434
rs1883832-C,NR,1.00E-17,0.109499936,rs1883832
rs55963299-G,NR,3.00E-17,0.117099958,rs55963299
rs2812378-A,NR,6.00E-16,-0.111300008,rs2812378
rs3134883-A,NR,2.00E-15,0.099,rs3134883
rs115284761-C,NR,2.00E-11,-0.114499965,rs115284761
rs2918392-C,NR,2.00E-11,0.080399936,rs2918392
rs3093017-G,0.5258,8.00E-31,-0.195200009,rs3093017
rs28362855-T,0.1657,2.00E-20,0.184300015,rs28362855
rs3001423-A,0.7113,4.00E-19,0.181899968,rs3001423
rs2736340-T,0.7212,3.00E-14,0.141499996,rs2736340
rs58107865-C,0.2123,4.00E-14,-0.173599981,rs58107865
rs7902146-T,0.7163,1.00E-13,-0.126799974,rs7902146
rs2069235-A,0.7758,2.00E-13,0.182899973,rs2069235
rs11889341-T,0.3413,3.00E-13,0.128399987,rs11889341
rs7731626-A,0.1052,3.00E-12,-0.228799969,rs7731626
rs3757387-C,0.1071,6.00E-12,0.176700036,rs3757387
rs11454989-AC,0.4005,4.00E-11,0.122800029,rs11454989
rs7097397-A,0.6935,1.00E-10,-0.113399968,rs7097397
rs6979218-G,0.38,1.00E-10,0.109399996,rs6979218
rs113532504-T,NR,3.00E-08,0.098799992,rs113532504
rs175714-C,NR,4.00E-08,-0.058299995,rs175714
rs7943728-A,NR,4.00E-08,-0.099000009,rs7943728
rs5987194-C,NR,4.00E-17,-0.129199987,rs5987194
rs34121936-A,NR,2.00E-08,-0.07830001,rs34121936
rs2076616-G,NR,1.00E-13,-0.087199977,rs2076616
rs2306627-T,NR,8.00E-11,0.073999995,rs2306627
rs4341355-G,NR,1.00E-10,0.085892151,rs4341355
rs12756019-A,NR,5.00E-09,-0.069600002,rs12756019
rs1234313-G,NR,1.00E-10,0.072599971,rs1234313
rs2192008-A,NR,2.00E-12,0.077100013,rs2192008
rs1980422-T,NR,6.00E-19,-0.115900017,rs1980422
rs433317-T,NR,1.00E-08,0.057600005,rs433317
rs244674-C,NR,2.00E-09,-0.076800011,rs244674
rs6932056-C,NR,4.00E-32,0.266900039,rs6932056
rs10872479-A,NR,6.00E-10,0.070464242,rs10872479
rs12531711-G,NR,3.00E-18,0.167100045,rs12531711
rs643610-A,NR,6.00E-14,0.08799998,rs643610
rs947474-A,NR,2.00E-11,0.090999995,rs947474
rs4529854-T,NR,1.00E-10,-0.085699979,rs4529854
rs10893846-T,NR,3.00E-09,-0.07370004,rs10893846
rs10152591-C,NR,8.00E-16,-0.1648,rs10152591
rs62097857-A,NR,1.00E-10,0.204000038,rs62097857
rs12720356-C,NR,8.00E-09,-0.143799934,rs12720356
rs2421206-G,NR,4.00E-09,-0.071800022,rs2421206
rs79818725-C,NR,1.00E-08,-0.101499977,rs79818725
rs2476601-G,0.9056,4.00E-168,-0.543899931,rs2476601
rs7731626-A,0.3777,4.00E-33,-0.18600003,rs7731626
rs35926684-G,0.1849,1.00E-31,0.172700001,rs35926684
rs8026898-A,0.2853,1.00E-22,0.137499995,rs8026898
rs575378713-TA,0.3101,1.00E-21,0.138300005,rs575378713
rs2258734-A,0.3141,3.00E-10,-0.093899995,rs2258734
rs7540342-C,0.2346,3.00E-10,-0.095000038,rs7540342
rs4584833-T,0.5785,4.00E-10,0.083999914,rs4584833
rs2664035-A,0.3857,4.00E-10,0.081500076,rs2664035
rs9880772-A,0.4652,1.00E-09,0.079400009,rs9880772
rs56750287-C,0.4662,2.00E-09,0.075400009,rs56750287
rs9826420-C,0.0229,2.00E-09,0.325200015,rs9826420
rs66922517-T,0.6421,3.00E-09,0.083999914,rs66922517
rs7241016-G,0.1362,3.00E-09,0.103699978,rs7241016
rs1188620266-C,0.6123,4.00E-09,-0.098599975,rs1188620266
rs5754100-C,0.1839,5.00E-09,0.104999991,rs5754100
rs705700-C,0.3946,6.00E-09,-0.075100018,rs705700
rs72928038-A,0.1799,6.00E-09,0.106800009,rs72928038
rs1264600-C,0.7535,7.00E-09,-0.083399979,rs1264600
rs2300373-T,0.1421,9.00E-09,-0.111799982,rs2300373
rs2918392-C,0.3917,1.00E-08,0.075199954,rs2918392
rs77574423-A,0.7197,1.00E-08,0.097000024,rs77574423
rs10175798-A,0.6203,1.00E-08,0.078799997,rs10175798
rs113532504-T,0.1004,2.00E-08,0.12150003,rs113532504
rs2141331-T,0.1004,2.00E-08,0.119200076,rs2141331
rs3804333-T,0.1909,2.00E-08,0.091900008,rs3804333
rs6681482-A,0.2515,2.00E-08,-0.082599958,rs6681482
rs115284761-C,0.2465,3.00E-08,-0.116599998,rs115284761
rs940825-G,0.1243,3.00E-08,0.108500082,rs940825
rs3087243-A,0.4702,3.00E-21,-0.120800027,rs3087243
rs34536443-C,0.0288,2.00E-20,-0.440000033,rs34536443
rs3093017-G,0.5775,8.00E-19,-0.115499969,rs3093017
rs11889341-T,0.2286,1.00E-16,0.12320007,rs11889341
rs3757387-C,0.4543,1.00E-16,0.107899959,rs3757387
rs9532434-C,0.6571,5.00E-15,0.108299991,rs9532434
rs55963299-G,0.3618,9.00E-15,0.100000074,rs55963299
rs12712065-G,0.5089,1.00E-13,-0.094100042,rs12712065
rs74313386-GA,0.338,3.00E-13,-0.098299989,rs74313386
rs3134883-A,0.2932,3.00E-13,0.100200023,rs3134883
rs7902146-T,0.7187,6.00E-13,-0.110400015,rs7902146
rs2812378-A,0.6839,7.00E-13,-0.097700043,rs2812378
rs6495979-T,0.2515,1.00E-12,0.101599994,rs6495979
rs73005423-G,0.1998,2.00E-12,-0.113799984,rs73005423
rs1883832-C,0.7406,3.00E-12,0.103699978,rs1883832
rs2485362-G,0.6491,3.00E-12,0.094699994,rs2485362
rs798000-T,0.6779,4.00E-12,-0.104600027,rs798000
rs5019428-A,0.5229,5.00E-12,0.094300033,rs5019428
rs16903108-C,0.1292,2.00E-11,-0.142000019,rs16903108
rs9927316-G,0.2396,3.00E-11,0.108400042,rs9927316
rs2736340-T,0.2435,3.00E-11,0.105300024,rs2736340
rs10905284-A,0.5746,4.00E-11,-0.098400018,rs10905284
rs187579-C,0.3032,5.00E-11,-0.091299974,rs187579
rs2069235-A,0.2992,6.00E-11,0.092000071,rs2069235
rs3184504-C,0.5358,1.00E-10,-0.087299971,rs3184504
rs2476601-G,NR,1.00E-173,-0.590699984,rs2476601
rs3093017-G,NR,4.00E-47,-0.16750002,rs3093017
rs35926684-G,NR,7.00E-34,0.190600029,rs35926684
rs7731626-A,NR,4.00E-33,-0.184800026,rs7731626
rs1696466-C,0.5726,4.00E-08,0.0707,rs1696466
rs1953126-C,0.6402,4.00E-08,-0.073200031,rs1953126
rs7241016-G,0.2956,3.00E-10,0.108000049,rs7241016
rs1883832-C,0.5675,9.00E-10,0.105200023,rs1883832
rs79145843-T,0.2272,1.00E-09,-0.115800041,rs79145843
rs12712065-G,0.5526,1.00E-09,-0.100600009,rs12712065
rs9927316-G,0.4792,2.00E-09,0.1059,rs9927316
rs6495979-T,0.5813,2.00E-09,0.101499983,rs6495979
rs2258734-A,0.4812,4.00E-09,-0.104199967,rs2258734
rs12530098-T,0.1954,5.00E-09,0.129699924,rs12530098
rs146492555-AT,0.2659,8.00E-09,0.115900019,rs146492555
rs143107126-A,0.3452,1.00E-08,0.097900005,rs143107126
rs3087243-A,0.2629,1.00E-08,-0.108200032,rs3087243
rs28421442-A,0.1567,2.00E-08,-0.131299941,rs28421442
rs56787183-A,0.0893,3.00E-08,-0.156299955,rs56787183
rs187579-C,NR,2.00E-11,-0.097200014,rs187579
rs2317231-T,NR,2.00E-11,0.076599957,rs2317231
rs10905284-A,NR,3.00E-11,-0.08599998,rs10905284
rs7097397-A,NR,1.00E-10,-0.077099967,rs7097397
rs4409785-C,NR,1.00E-10,0.105200023,rs4409785
rs2141331-T,NR,1.00E-10,0.142000045,rs2141331
rs2664035-A,NR,1.00E-10,0.07559993,rs2664035
rs10175798-A,NR,2.00E-10,0.078799997,rs10175798
rs10497813-T,NR,2.00E-10,0.077999946,rs10497813
rs6831973-C,NR,2.00E-10,0.086299982,rs6831973
rs7171617-A,NR,2.00E-10,0.096199966,rs7171617
rs4690029-C,NR,2.00E-10,-0.074700001,rs4690029
rs66922517-T,NR,3.00E-10,0.078799997,rs66922517
rs5754100-C,NR,3.00E-10,0.095500071,rs5754100
rs9880772-A,NR,3.00E-10,0.077999946,rs9880772
rs11777380-A,NR,4.00E-10,-0.092600023,rs11777380
rs3001423-A,NR,4.00E-10,0.157000074,rs3001423
rs42044-G,NR,4.00E-10,0.088899951,rs42044
rs705700-C,NR,4.00E-10,-0.075600008,rs705700
rs4584833-T,NR,4.00E-10,0.08580001,rs4584833
rs4655698-G,NR,6.00E-10,-0.087599994,rs4655698
rs10453119-C,NR,7.00E-10,0.087799958,rs10453119
rs12530098-T,NR,2.00E-09,0.134499948,rs12530098
rs12519914-T,NR,2.00E-09,0.088200054,rs12519914
rs7943728-A,NR,2.00E-09,-0.118899984,rs7943728
rs1264600-C,NR,2.00E-09,-0.088699998,rs1264600
rs4809371-T,NR,2.00E-09,-0.114799972,rs4809371
rs11420145-GA,NR,3.00E-09,0.083600065,rs11420145
rs16903108-C,NR,3.00E-09,-0.132300037,rs16903108
rs11454989-AC,NR,3.00E-09,0.14089999,rs11454989
rs182199544-T,NR,5.00E-09,-0.146299994,rs182199544
rs3184504-C,NR,1.00E-08,-0.081900022,rs3184504
rs1696466-C,NR,1.00E-08,0.067900021,rs1696466
rs41313373-T,NR,1.00E-08,0.113299935,rs41313373
rs67318457-C,NR,1.00E-08,0.08060006,rs67318457
rs77574423-A,NR,1.00E-08,0.101499983,rs77574423
rs10556591-A,NR,1.00E-08,0.07110001,rs10556591
rs55762233-G,NR,2.00E-08,0.102399988,rs55762233
rs9826420-C,NR,2.00E-08,0.337000026,rs9826420
rs113532504-T,NR,2.00E-08,0.113899951,rs113532504
rs34480360-A,NR,2.00E-08,0.079100048,rs34480360
rs143259280-T,NR,2.00E-08,0.086099987,rs143259280
rs6814280-G,NR,2.00E-08,-0.105700018,rs6814280
rs2147161-T,NR,3.00E-08,0.092399949,rs2147161
rs244468-G,NR,3.00E-08,0.076299989,rs244468
rs8106598-T,NR,3.00E-08,0.079700064,rs8106598
rs591549-C,NR,3.00E-08,-0.113900029,rs591549
rs734094-A,NR,3.00E-08,0.072799989,rs734094
rs6930468-G,NR,3.00E-09,0.071399959,rs6930468
rs61944750-A,NR,5.00E-09,-0.107299951,rs61944750
rs41313373-T,0.1441,4.00E-08,0.113899951,rs41313373
rs6814280-G,0.159,4.00E-08,-0.107099994,rs6814280
rs9826420-C,0.0229,4.00E-08,0.329600034,rs9826420
rs182199544-T,0.0815,4.00E-08,-0.143999986,rs182199544
rs2476601-G,0.9056,5.00E-174,-0.591399945,rs2476601
rs35926684-G,0.1849,1.00E-33,0.193199922,rs35926684
rs7731626-A,0.3777,3.00E-27,-0.183699966,rs7731626
rs3087243-A,0.4702,7.00E-24,-0.14039999,rs3087243
rs7943728-A,0.1531,2.00E-09,-0.120099988,rs7943728
rs77574423-A,0.7197,2.00E-09,0.114400075,rs77574423
rs6681482-A,0.2515,3.00E-09,-0.096400003,rs6681482
rs2664035-A,0.3857,3.00E-09,0.084599938,rs2664035
rs56750287-C,0.4662,4.00E-09,0.08060006,rs56750287
rs7241016-G,0.1362,4.00E-09,0.111199993,rs7241016
rs3804333-T,0.1909,4.00E-09,0.105499996,rs3804333
rs940825-G,0.1243,1.00E-08,0.121700065,rs940825
rs66922517-T,0.6421,1.00E-08,0.086900004,rs66922517
rs1696466-C,0.5726,2.00E-08,0.079200014,rs1696466
rs1422673-T,0.1948,2.00E-08,0.09499995,rs1422673
rs10453119-C,0.3748,2.00E-08,0.085999974,rs10453119
rs705700-C,0.3946,2.00E-08,-0.079500022,rs705700
rs1264600-C,0.7535,2.00E-08,-0.08819997,rs1264600
rs2300373-T,0.1421,2.00E-08,-0.118700026,rs2300373
rs911760-A,0.1859,2.00E-08,0.137000045,rs911760
rs16903108-C,0.1292,3.00E-08,-0.129100037,rs16903108
rs2147161-T,0.2117,3.00E-08,0.092000071,rs2147161
rs9880772-A,0.4652,2.00E-10,0.090999995,rs9880772
rs1885013-A,0.6521,2.00E-10,0.097200029,rs1885013
rs2141331-T,0.1004,4.00E-10,0.143600046,rs2141331
rs2736340-T,0.2435,5.00E-10,0.10820002,rs2736340
rs5019428-A,0.5229,5.00E-10,0.093399902,rs5019428
rs187579-C,0.3032,8.00E-10,-0.093400028,rs187579
rs2918392-C,0.3917,1.00E-09,0.087300002,rs2918392
rs3184504-C,0.5358,4.00E-08,-0.079599964,rs3184504
rs34480360-A,0.2972,4.00E-08,0.086099987,rs34480360
rs41269479-A,0.2589,3.00E-08,0.137699992,rs41269479
rs12530098-T,0.1954,3.00E-08,0.156700027,rs12530098
rs3093017-G,0.5258,2.00E-29,-0.246700027,rs3093017
rs28362855-T,0.1657,9.00E-18,0.219100027,rs28362855
rs3001423-A,0.7113,4.00E-12,0.186499982,rs3001423
rs2069235-A,0.7758,9.00E-12,0.223300019,rs2069235
rs2736340-T,0.7212,3.00E-11,0.159700025,rs2736340
rs2258734-A,0.4812,2.00E-10,-0.147900003,rs2258734
rs11454989-AC,0.4005,1.00E-09,0.148599989,rs11454989
rs11889341-T,0.3413,2.00E-09,0.137000045,rs11889341
rs12712065-G,0.5526,2.00E-09,-0.127799963,rs12712065
rs7902146-T,0.7163,5.00E-09,-0.129100037,rs7902146
rs9927316-G,0.4792,1.00E-08,0.131600029,rs9927316
rs3757387-C,0.1071,2.00E-08,0.18589998,rs3757387
rs575378713-TA,0.3101,2.00E-22,0.152500033,rs575378713
rs8026898-A,0.2853,3.00E-22,0.147600014,rs8026898
rs3093017-G,0.5775,2.00E-21,-0.134999968,rs3093017
rs34536443-C,0.0288,3.00E-18,-0.44910004,rs34536443
rs55963299-G,0.3618,4.00E-17,0.118100052,rs55963299
rs7902146-T,0.7187,8.00E-16,-0.136100003,rs7902146
rs12712065-G,0.5089,6.00E-15,-0.107499992,rs12712065
rs11889341-T,0.2286,6.00E-15,0.12589996,rs11889341
rs9532434-C,0.6571,7.00E-15,0.118200015,rs9532434
rs2258734-A,0.3141,1.00E-14,-0.125600026,rs2258734
rs74313386-GA,0.338,3.00E-14,-0.111599974,rs74313386
rs2812378-A,0.6839,5.00E-14,-0.111300008,rs2812378
rs2485362-G,0.6491,1.00E-13,0.109699967,rs2485362
rs6495979-T,0.2515,2.00E-13,0.114299999,rs6495979
rs1883832-C,0.7406,3.00E-13,0.118400001,rs1883832
rs3134883-A,0.2932,3.00E-13,0.109099935,rs3134883
rs7540342-C,0.2346,4.00E-13,-0.119999985,rs7540342
rs798000-T,0.6779,4.00E-13,-0.118599994,rs798000
rs3757387-C,0.4543,5.00E-13,0.103299994,rs3757387
rs73005423-G,0.1998,5.00E-12,-0.121900031,rs73005423
rs2069235-A,0.2992,7.00E-12,0.104800009,rs2069235
rs10905284-A,0.5746,5.00E-11,-0.107600021,rs10905284
rs4584833-T,0.5785,1.00E-10,0.094699994,rs4584833
rs9927316-G,0.2396,1.00E-10,0.114200002,rs9927316
rs12145329-C,NR,3.00E-08,-0.085599981,rs12145329
rs11375064-GT,NR,4.00E-08,0.078299959,rs11375064
rs4687070-T,NR,4.00E-08,0.147500013,rs4687070
,,,,
rs2476601-A,0.09593,1.00E-29,-1.519597208,rs2476601
rs7731626-G,0.6287,9.00E-13,-2.397115577,rs7731626
rs2476601-A,0.09592,2.00E-33,-1.335601247,rs2476601
rs34536443-G,0.9516,3.00E-11,-1.408949052,rs34536443
rs7731626-G,0.6287,9.00E-15,-2.18036746,rs7731626
rs2476601-A,0.07587,6.00E-37,-1.302688777,rs2476601
rs7731626-G,0.6671,4.00E-17,-2.157619323,rs7731626
rs34434863-T,0.7435,2.00E-236,-0.703803761,rs34434863
rs2476601-A,0.07591,5.00E-32,-1.499687048,rs2476601
rs7731626-G,0.667,1.00E-14,-2.399757005,rs7731626
rs34434863-T,0.7435,1.00E-189,-0.944175935,rs34434863
rs2760980-G,0.8517,5.00E-57,-1.345536369,rs2760980
rs116666910-C,0.9626,5.00E-20,-1.638351923,rs116666910
rs34434863-T,0.7363,2.00E-36,-2.036382052,rs34434863
rs116199914-G,0.012,2.00E-08,-1.951928221,rs116199914
rs11762062-C,NR,2.00E-08,0.249902321,rs11762062
rs6679677-A,0.1,6.00E-25,0.683096845,rs6679677
rs6457617-T,0.49,5.00E-75,0.858661619,rs6457617
